1,Yarrawonga 
2,Perthshire 
3,Reichstag 
4,Selkirkshire 
5,Waroonga 
6,Roma 
7,Tewkesbury 
8,Ophelia 
9,Oruba 
10,Queen of the Colonies 
11,Duke of Sutherland 
12,Kapunda 
13,Rajah Gopaul 
14,John Fielden 
15,Kaikoura 
16,Wistow Hall 
17,Montmorency 
18,Oswestry Grange 
19,Lammershagen 
20,Rimutaka 
21,Waipara 
22,Almora 
23,Scottish Admiral 
24,Torilla 
25,Dacca 
26,Sultana 
27,Rippingham Grange 
28,Compta 
29,Kincardineshire 
30,Duke of Buckingham 
31,Durham 
32,Quetta 
33,Dilharree 
34,Northern Monarch 
35,Dorunda 
36,Zamora 
37,Light Brigade 
38,Isles of the South 
39,Tara 
40,Truro 
41,Duke of Buccleuch 
42,General Hewitt 
43,Avoca 
44,Earl Granville 
45,Duke of Westminster 
46,Young Australia 
47,Ramsay 
48,Orsova 
49,Nebo 
50,Rohilla 
51,Bulimba 
52,Great Queensland 
53,John Rennie 
54,Jumna 
55,Southern Belle 
56,Cloncurry 
57,General Caulfield 
58,Prince Consort 
59,Garnock 
60,Duke of Norfolk 
61,Humboldt 
62,Duke of Athole 
63,Southesk 
64,Beausite 
65,Corinth 
66,Duke of Portland 
67,Assel 
68,Star of England 
69,Eastern Empire 
70,Shannon 
71,Silver Eagle 
72,Miltiades 
73,Merkara 
74,India 
75,Duke of Devonshire 
76,Ramsey 
77,Zoroaster 
78,Scottish Wizard 
79,Samarang 
80,Yawata Maru 
81,Scottish Lassie 
82,Osterley 
83,Carnatic 
84,Goalpara 
85,Dunbar Castle 
86,Caroline 
87,Duke of Argyll 
88,British Nation 
89,Windsor Castle 
90,Alexandrina 
91,Chyebassa 
92,Orotava 
93,Taroba 
94,Herschel 
95,Whakatane 
96,Hampshire 
97,Linlithgowshire 
98,Western Monarch 
99,Stirlingshire 
100,Gloucester 
101,Silhet 
102,Oroya 
103,Legion of Honor 
104,Storm King 
105,Gauntlet 
106,Alexandra 
107,Duke of Argyle 
108,Loch Cree 
109,Jerusalem 
110,Theresa 
111,Argyllshire 
112,Indus 
113,Winefred 
114,Conway 
115,Scottish Hero 
116,Glamis 
117,Light of the Age 
118,Lobelia 
119,Golden City 
120,Derbyshire 
121,Birdston 
122,Marathon 
123,Duntrune 
124,Renfrewshire 
125,Scotland 
126,New Guinea 
127,Rajasthan 
128,Demosthenes 
129,Maryborough 
130,Orient 
131,Moravian 
132,Polmaise 
133,Weimar 
134,Empire 
135,Sir William Wallace 
136,Empress of the Seas 
137,Orvieto 
138,William Miles 
139,Bungaree 
140,Clara 
141,Corlic 
142,Sirsa 
143,Corolla 
144,Paparoa 
145,Earl Derby 
146,Roxburgshire 
147,Albany 
148,Everton Grange 
149,Florentia 
150,Royal Dane 
151,Scottish Knight 
152,Tim Whiffler 
153,Eastern Monarch 
154,Essex 
155,Toowoomba 
156,Camorta 
157,Netherby/City of Melbourne 
158,Highflyer 
159,Otago 
160,Juliet 
161,Fleur de Lis 
162,Berwick Law 
163,Brodick Bay 
164,Norman Morison 
165,Queen of the South 
166,David McIvor 
167,Aboukir Bay 
168,Anglo Indian 
169,Jessie Munn 
170,Scottish Bard 
171,Warrego 
172,Gulf of Ancud 
173,Cornwall 
174,Hereford 
175,John Davis 
176,Landsborough 
177,Parsee 
178,Sinbad 
179,Friedeburg 
180,Oban Bay 
181,Crown of Arragon 
182,Star Queen 
183,Jelunga 
184,Kaipara 
185,Oriana 
186,Genghis Khan 
187,Fiery Star 
188,Hannah Landels 
189,Omrah 
190,Nagpore 
191,Strathearn 
192,Nikko Maru 
193,Eastminster 
194,Mount Lebanon 
195,Ortona 
196,Scottish Prince 
197,El Dorado 
198,Susanne Godeffroy 
199,St James 
200,Lady Douglas 
201,Shenir 
202,Duchess of Northumberland 
203,City of Agra 
204,John Bertram 
205,Hastings 
206,Gulf of Carpentaria 
207,Darling Downs 
208,Famenoth 
209,Naval Brigade 
210,Charles Dickens 
211,Countess Russell 
212,Duke of Newcastle 
213,Golden Dream 
214,Monsoon 
215,Zealandia 
216,Earl Dalhousie 
217,Earl Russell 
218,Venilia 
219,Mairi Bhan 
220,Sepia 
221,Newcastle 
222,Stracathro 
223,British Consul 
224,Warren Hastings 
225,La Rochelle 
226,Sophie 
227,Ironside 
228,Nineveh 
229,Beaver 
230,Zaida 
231,La Hogue 
232,Rodell Bay 
233,Kumano Maru 
234,Cairngorm 
235,Yeoman 
236,Rockliff 
237,Martha Fisher 
238,Ormuz 
239,Easter Hill 
240,Archer 
241,Maulsden 
242,Refrewshire 
243,Nuddea 
244,Nowshera 
245,Largo Bay 
246,Ophir 
247,Susanne Goddefroy 
248,Harmodius 
249,Otranto 
250,Indus 2 
251,Queen of Nations 
252,Devon 
253,Chaseley 
254,Beejapore 
255,Themistocles 
256,Cha Sze 
257,Nairnshire 
258,Rakaia 
259,Sterlingshire 
260,Bayswater 
261,Norseman 
262,Blenheim 
263,Mary Pleasants 
264,Fusilier 
265,Robert Lees 
266,Suffolk 
267,Gayundah 
268,Orontes 
269,Wyandra 
270,Ravenscrag 
271,Woodlark 
272,Arthurstone 
273,Warwick 
274,Cambodia 
275,Buteshire 
276,Gulf of Siam 
277,Mangerton 
278,Utopia 
279,Charlwood 
280,Darra 
281,Wansfell 
282,Girvan 
283,Banffshire 
284,Glamorganshire 
285,Nourmahal 
286,Lindula 
287,Fazelka 
288,Emigrant 
289,Cornuvia 
290,Ayrshire 
291,Wardha 
292,Rialto 
293,George Crowshaw 
294,Decapolis 
295,Corona 
296,Fritz Reuter 
297,Artemisia 
298,America 
299,Grassbrook 
300,Austral 
301,Allardus 
302,Eugenie 
303,Shakespeare 
304,Gutenberg 
305,Cuzco 
306,Argyleshire 
307,Orizaba 
308,Wastwater 
309,Asturias 
310,Fifeshire 
311,Ocean Empress 
312,Ariadne 
313,Clan Ferguson 
314,Hyderabad 
315,Melpomene 
316,Kooringa 
317,Pericles 
318,Chemnitz 
319,Gainsborough 
320,Golconda 
321,Corina 
322,Ullock 
323,Pekina 
324,Agra 
325,Aberlemno 
326,Oakdale 
327,Carpentaria 
328,Maria Somes 
329,Saldanha 
330,Florence 
331,Seydlitz 
332,British Empire 
333,Cassel 
334,Otway 
335,Manora 
336,Nevasa 
337,Queen of the Bay 
338,Rockhampton 
339,Limerick 
340,Argyle 
341,Persia 
342,Orissa 
343,Salado 
344,Kyarra 
345,Peter Godeffroy 
346,Saraca 
347,Flying Cloud 
348,St Albans 
349,Agricola 
350,Commonwealth / Tyrian 
351,Goorkha 
352,Melmerby 
353,Francisco Calderon 
354, 
355,Bremen 
356,Indus   2   
357,Gulf of Trinidad 
358,City of Madrid 
359,Berwickshire 
360,Somerset 
361,Dartford 
362,Pathan 
363,Roxburghshire 
364,Closeburn 
365,Irvine 
366,Narrung 
367,Orama 
368,Roscommon 
369,Fitzjames 
370,Kamaro Maru 
371,Salamis 
372,Giroan 
373,Itata 
374,Alfred Hanley 
375,Great Britain 
376,Gayton 
377,Raglan Castle 
378,Naval Reserve 
379,Elizabeth Dougall 
380,Gulf of Lyons 
381,Peebleshire 
382,Ancilla 
383,Oratava 
384,Loweswater 
385,Peter Denny 
386,Bobycito 
387,Zieten 
388,Dorset 
389,Largs 
390,Lizzie Iredale 
391,Duke of Fife 
392,Gera 
393,Martaban 
394,Dumbartonshire 
395,Abbey Holme 
396,Mary Blundell 
397,Blackadder 
398,Ocean Rover 
399,Runnymede 
400,Shun Lee 
401,Morayshire 
402,Johan Cesar 
403,Culmore 
404,Lucinda 
405,Scharnhorst 
406,Doon 
407,Damascus 
408,Gneisenau 
409,Navarino 
410,Amie 
411,Beautiful Star 
412,Ascalon 
413,Gryfe 
414,Flatworth 
415,Duke of Abercorn 
416,Chile 
417,Umballa 
418,Alfred Hawley 
419,Beemah 
420,Adventurer 
421,Diana 
422,Aikshaw 
423,Stuttgart 
424,Alfred 
425,Sea Star 
426,Eastern 
427,County of Forfar 
428,Marietta 
429,Blairhoyle 
430,Tudor 
431,Buckingham 
432,Devana 
433,Queen Mab 
434,Anglo Norman 
435,Jessie Isabel 
436,Sam Mendel 
437,Amoy 
438,Durisdeer 
439,Eden Holme 
440,Rebecca Crowell 
441,Wakool 
442,Gulf of Venice 
443,Tannadice 
444,Commonwealth 
445,Ardenconnel 
446,Clarence 
447,Vale of Doon 
448,Gulf of Genoa 
449,Surline 
450,Sirocco 
451,John Gambles 
452,Lota 
453,Spirit of the Dawn 
454,Cuzco  
455,Prinz Waldemar 
456,Stormy Petrel 
457,Salamanca 
458,n/a 
459,River Indus 
460,Costarica 
461,Comadre 
462,Aramac 
463,Spirit of the South 
464,Neried 
465,Loch Urr 
466,Clan Grant 
467,Countess Derby 
468,Gulf of Taranto 
469,Tagliaferro 
470,Dingo 
471,Afton 
472,Dilpussund 
473,Nellie 
474,Fultala 
475,Jessie Osborne 
476,Pride of Wales 
477,Chance 
478,Romeo 
479,Barbarossa 
480,Greta 
481,Eaglet 
482,Gulf of Guinea 
483,Adaman 
484,Ariel 
485,Aline 
486,Mallacca 
487,Berar 
488,Southern Empire 
489,Anglo-Saxon 
490,Maitland 
491,Margaret Falconer 
492,Cormorant 
493,Clan Macleod 
494,Evelyn 
495,Hannah More 
496,Eme 
497,Shalamar 
498,Friedrich der Grosse 
499,SS Ophir 
500,Mirella 
501,Lady Elizabeth 
502,Remington 
503,Sophocles 
504,Lepanto 
505,Parknook 
506,Coromandel 
507,Kingfauns 
508,Julie Tatham 
509,Firth of Lorne 
510,City of Aberdeen 
511,Maria Mercedes 
512,Paroo 
513,Innaminka 
514,Cynosure 
515,Hiootha 
516,Cordelia 
517,Lizzie Tredale 
518,Mobile Bay 
519,Prince Regent Luitpold 
520,Kinclune 
521,Rothesay Bay 
522,Gulf of Bothnia 
523,Jercera 
524,Nikka Maru 
525,Silverhow 
526,T D Marshall 
527,Dovenby 
528,Frideburg 
529,Peep o'Day 
530,Scottish Fairy 
531,Warora 
532,Juletrae 
533,Timaru 
534,La Escocesa 
535,La Querida 
536,Lita 
537,Moel-y-Don 
538,City of Quebec 
539,Rothsay Bay 
540,Perrung 
541,Cooktown 
542,Highland Glen 
543,Konigin-Luise 
544,Peebleashire 
545,Casma 
546,Electra 
547,Cairnsmore 
548,Lobo 
549,Iron Craig 
550,Proeymatia 
551,Elissa 
552,Wodonga 
553,Wigtonshire 
554,Wagoola 
555,Don Guillermo 
556,Samoa 
557,Shamhorst 
558,Firth of Tay 
559,Gulf of Taranbo 
560,Foxglove 
561,Iron Queen 
562,Primera 
563,Sumbawa 
564,Leon Gespo 
565,Willehad 
566,Orellana 
567,Lanarkshire 
568,Sardhana 
569,Platypus 
570,Winterthur 
571,British Army 
572,G. Broughton 
573,Cornliebank 
574,Antofagasta 
575,Isola 
576,Glentilt 
577,Monkchester 
578,Villalta 
579,Comus 
580,West York 
581,Osseo 
582,Emily Chaplin 
583,South Glen 
584,Ardenconell 
585,Gulf of Martaban 
586,Fairy Belle 
587,Carleton 
588,Janet Court 
589,Costa Rica Packet 
590,Mary E Ray 
591,Morialta 
592,Viduco 
593,Hannah Sandles 
594,Kishon 
595,Ardendee 
596,Countess of Derby 
597,Jessie Stowe 
598,Parkdale 
599,Black Prince 
600,Aglaia 
601,Orvietto 
602,Duke  of Devonshire 
603,Yawtu Maru 
604,Alora 
605,C Paulsen 
606,Iron Crag 
607,Mennock 
608,Beatrice 
609,Sharnhorst 
610,Callao 
611,Gastern 
612,Prinz Regent Luitpold 
613,Rhuddlan Castle 
614,Edinburghshire 
615,Henry James 
616,Louise 
617,Regina 
618,Stadstock 
619,Frieda Grampp 
620,Valparaiso 
621,Olivet 
622,Freedrich der Grosse 
623,Arab Steed 
624,Darmstadt 
625,Ashmore 
626,Pern 
627,Annie 
628,Oldenburg 
629,Mallsgate 
630,Gulf of Lions 
631,Swaledale 
632,Elisa 
633,Glenisla 
634,Singapore 
635,Rising Star 
636,Isle of Bute 
637,Rudolph Harboe 
638,Jamaya 
639,Argo 
640,Star of the Mersey 
641,Mars 
642,Sarah Scott 
643,Huntley Castle 
644,Bothwell 
645,Loch Fergus 
646,Lock Fleet 
647,Highmoor 
648,Woodville 
649,Doris Brodersen 
650,Omrak 
651,Rover of the Seas 
652,Gulf of Mexico 
653,Marmion 
654,Earl Grenville 
655,Anne Main 
656,George Crowshan 
657,Santhia 
658,Thomas S Howe 
659,Goeben 
660,Hercules 
661,Shalimar 
662,Devonshire 
663,Carmoney 
664,Lock Biedau 
665,Itola 
666,Drayton Grange 
667,Ladstock 
668,Sauta 
669,Andaman 
670,Carlotta 
671,Ben Cruachan 
672,Indus (2) 
673,Black Adder 
674,Peeblesshire 
675,Fiado 
676,Leon Crespo 
677,Earnock 
678,Hesperides 
