Abbey Holme  ,,,,
Aberlemno  ,,,,
Aboukir Bay  ,,,,
Adaman  ,,,,
Adventurer  ,,,,
Afton  ,,,,
Aglaia  ,,,,
Agra  ,,,,
Agricola  ,,,,
Aikshaw  ,,,,
Albany  ,,,,
Alexandra  ,,,,
Alexandrina  ,,,,
Alfred  ,,,,
Alfred Hanley  ,,,,
Alfred Hawley  ,,,,
Aline  ,,,,
Allardus  ,,,,
Almora  ,,,,
Alora  ,,,,
America  ,,,,
Amie  ,,,,
Amoy  ,,,,
Ancilla  ,,,,
Andaman  ,,,,
Anglo Indian  ,,,,
Anglo Norman  ,,,,
Anglo-Saxon  ,,,,
Anne Main  ,,,,
Annie  ,,,,
Antofagasta  ,,,,
Arab Steed  ,,,,
Aramac  ,,,,
Archer  ,,,,
Ardenconell  ,,,,
Ardenconnel  ,,,,
Ardendee  ,,,,
Argo  ,,,,
Argyle  ,,,,
Argyleshire  ,,,,
Argyllshire  ,,,,
Ariadne  ,,,,
Ariel  ,,,,
Artemisia  ,,,,
Arthurstone  ,,,,
Ascalon  ,,,,
Ashmore  ,,,,
Assel  ,,,,
Asturias  ,,,,
Austral  ,,,,
Avoca  ,,,,
Ayrshire  ,,,,
Banffshire  ,,,,
Barbarossa  ,,,,
Bayswater  ,,,,
Beatrice  ,,,,
Beausite  ,,,,
Beautiful Star  ,,,,
Beaver  ,,,,
Beejapore  ,,,,
Beemah  ,,,,
Ben Cruachan  ,,,,
Berar  ,,,,
Berwick Law  ,,,,
Berwickshire  ,,,,
Birdston  ,,,,
Black Adder  ,,,,
Black Prince  ,,,,
Blackadder  ,,,,
Blairhoyle  ,,,,
Blenheim  ,,,,
Bobycito  ,,,,
Bothwell  ,,,,
Bremen  ,,,,
British Army  ,,,,
British Consul  ,,,,
British Empire  ,,,,
British Nation  ,,,,
Brodick Bay  ,,,,
Buckingham  ,,,,
Bulimba  ,,,,
Bungaree  ,,,,
Buteshire  ,,,,
C Paulsen  ,,,,
Cairngorm  ,,,,
Cairnsmore  ,,,,
Callao  ,,,,
Cambodia  ,,,,
Camorta  ,,,,
Carleton  ,,,,
Carlotta  ,,,,
Carmoney  ,,,,
Carnatic  ,,,,
Caroline  ,,,,
Carpentaria  ,,,,
Casma  ,,,,
Cassel  ,,,,
Cha Sze  ,,,,
Chance  ,,,,
Charles Dickens  ,,,,
Charlwood  ,,,,
Chaseley  ,,,,
Chemnitz  ,,,,
Chile  ,,,,
Chyebassa  ,,,,
City of Aberdeen  ,,,,
City of Agra  ,,,,
City of Madrid  ,,,,
City of Quebec  ,,,,
Clan Ferguson  ,,,,
Clan Grant  ,,,,
Clan Macleod  ,,,,
Clara  ,,,,
Clarence  ,,,,
Cloncurry  ,,,,
Closeburn  ,,,,
Comadre  ,,,,
Commonwealth  ,,,,
Commonwealth / Tyrian  ,,,,
Compta  ,,,,
Comus  ,,,,
Conway  ,,,,
Cooktown  ,,,,
Cordelia  ,,,,
Corina  ,,,,
Corinth  ,,,,
Corlic  ,,,,
Cormorant  ,,,,
Cornliebank  ,,,,
Cornuvia  ,,,,
Cornwall  ,,,,
Corolla  ,,,,
Coromandel  ,,,,
Corona  ,,,,
Costa Rica Packet  ,,,,
Costarica  ,,,,
Countess Derby  ,,,,
Countess of Derby  ,,,,
Countess Russell  ,,,,
County of Forfar  ,,,,
Crown of Arragon  ,,,,
Culmore  ,,,,
Cuzco  ,,,,
Cuzco   ,,,,
Cynosure  ,,,,
Dacca  ,,,,
Damascus  ,,,,
Darling Downs  ,,,,
Darmstadt  ,,,,
Darra  ,,,,
Dartford  ,,,,
David McIvor  ,,,,
Decapolis  ,,,,
Demosthenes  ,,,,
Derbyshire  ,,,,
Devana  ,,,,
Devon  ,,,,
Devonshire  ,,,,
Diana  ,,,,
Dilharree  ,,,,
Dilpussund  ,,,,
Dingo  ,,,,
Don Guillermo  ,,,,
Doon  ,,,,
Doris Brodersen  ,,,,
Dorset  ,,,,
Dorunda  ,,,,
Dovenby  ,,,,
Drayton Grange  ,,,,
Duchess of Northumberland  ,,,,
Duke  of Devonshire  ,,,,
Duke of Abercorn  ,,,,
Duke of Argyle  ,,,,
Duke of Argyll  ,,,,
Duke of Athole  ,,,,
Duke of Buccleuch  ,,,,
Duke of Buckingham  ,,,,
Duke of Devonshire  ,,,,
Duke of Fife  ,,,,
Duke of Newcastle  ,,,,
Duke of Norfolk  ,,,,
Duke of Portland  ,,,,
Duke of Sutherland  ,,,,
Duke of Westminster  ,,,,
Dumbartonshire  ,,,,
Dunbar Castle  ,,,,
Duntrune  ,,,,
Durham  ,,,,
Durisdeer  ,,,,
Eaglet  ,,,,
Earl Dalhousie  ,,,,
Earl Derby  ,,,,
Earl Granville  ,,,,
Earl Grenville  ,,,,
Earl Russell  ,,,,
Earnock  ,,,,
Easter Hill  ,,,,
Eastern  ,,,,
Eastern Empire  ,,,,
Eastern Monarch  ,,,,
Eastminster  ,,,,
Eden Holme  ,,,,
Edinburghshire  ,,,,
El Dorado  ,,,,
Electra  ,,,,
Elisa  ,,,,
Elissa  ,,,,
Elizabeth Dougall  ,,,,
Eme  ,,,,
Emigrant  ,,,,
Emily Chaplin  ,,,,
Empire  ,,,,
Empress of the Seas  ,,,,
Essex  ,,,,
Eugenie  ,,,,
Evelyn  ,,,,
Everton Grange  ,,,,
Fairy Belle  ,,,,
Famenoth  ,,,,
Fazelka  ,,,,
Fiado  ,,,,
Fiery Star  ,,,,
Fifeshire  ,,,,
Firth of Lorne  ,,,,
Firth of Tay  ,,,,
Fitzjames  ,,,,
Flatworth  ,,,,
Fleur de Lis  ,,,,
Florence  ,,,,
Florentia  ,,,,
Flying Cloud  ,,,,
Foxglove  ,,,,
Francisco Calderon  ,,,,
Freedrich der Grosse  ,,,,
Frideburg  ,,,,
Frieda Grampp  ,,,,
Friedeburg  ,,,,
Friedrich der Grosse  ,,,,
Fritz Reuter  ,,,,
Fultala  ,,,,
Fusilier  ,,,,
G. Broughton  ,,,,
Gainsborough  ,,,,
Garnock  ,,,,
Gastern  ,,,,
Gauntlet  ,,,,
Gayton  ,,,,
Gayundah  ,,,,
General Caulfield  ,,,,
General Hewitt  ,,,,
Genghis Khan  ,,,,
George Crowshan  ,,,,
George Crowshaw  ,,,,
Gera  ,,,,
Giroan  ,,,,
Girvan  ,,,,
Glamis  ,,,,
Glamorganshire  ,,,,
Glenisla  ,,,,
Glentilt  ,,,,
Gloucester  ,,,,
Gneisenau  ,,,,
Goalpara  ,,,,
Goeben  ,,,,
Golconda  ,,,,
Golden City  ,,,,
Golden Dream  ,,,,
Goorkha  ,,,,
Grassbrook  ,,,,
Great Britain  ,,,,
Great Queensland  ,,,,
Greta  ,,,,
Gryfe  ,,,,
Gulf of Ancud  ,,,,
Gulf of Bothnia  ,,,,
Gulf of Carpentaria  ,,,,
Gulf of Genoa  ,,,,
Gulf of Guinea  ,,,,
Gulf of Lions  ,,,,
Gulf of Lyons  ,,,,
Gulf of Martaban  ,,,,
Gulf of Mexico  ,,,,
Gulf of Siam  ,,,,
Gulf of Taranbo  ,,,,
Gulf of Taranto  ,,,,
Gulf of Trinidad  ,,,,
Gulf of Venice  ,,,,
Gutenberg  ,,,,
Hampshire  ,,,,
Hannah Landels  ,,,,
Hannah More  ,,,,
Hannah Sandles  ,,,,
Harmodius  ,,,,
Hastings  ,,,,
Henry James  ,,,,
Hercules  ,,,,
Hereford  ,,,,
Herschel  ,,,,
Hesperides  ,,,,
Highflyer  ,,,,
Highland Glen  ,,,,
Highmoor  ,,,,
Hiootha  ,,,,
Humboldt  ,,,,
Huntley Castle  ,,,,
Hyderabad  ,,,,
India  ,,,,
Indus  ,,,,
Indus   2    ,,,,
Indus (2)  ,,,,
Indus 2  ,,,,
Innaminka  ,,,,
Iron Crag  ,,,,
Iron Craig  ,,,,
Iron Queen  ,,,,
Ironside  ,,,,
Irvine  ,,,,
Isle of Bute  ,,,,
Isles of the South  ,,,,
Isola  ,,,,
Itata  ,,,,
Itola  ,,,,
Jamaya  ,,,,
Janet Court  ,,,,
Jelunga  ,,,,
Jercera  ,,,,
Jerusalem  ,,,,
Jessie Isabel  ,,,,
Jessie Munn  ,,,,
Jessie Osborne  ,,,,
Jessie Stowe  ,,,,
Johan Cesar  ,,,,
John Bertram  ,,,,
John Davis  ,,,,
John Fielden  ,,,,
John Gambles  ,,,,
John Rennie  ,,,,
Juletrae  ,,,,
Julie Tatham  ,,,,
Juliet  ,,,,
Jumna  ,,,,
Kaikoura  ,,,,
Kaipara  ,,,,
Kamaro Maru  ,,,,
Kapunda  ,,,,
Kincardineshire  ,,,,
Kinclune  ,,,,
Kingfauns  ,,,,
Kishon  ,,,,
Konigin-Luise  ,,,,
Kooringa  ,,,,
Kumano Maru  ,,,,
Kyarra  ,,,,
La Escocesa  ,,,,
La Hogue  ,,,,
La Querida  ,,,,
La Rochelle  ,,,,
Ladstock  ,,,,
Lady Douglas  ,,,,
Lady Elizabeth  ,,,,
Lammershagen  ,,,,
Lanarkshire  ,,,,
Landsborough  ,,,,
Largo Bay  ,,,,
Largs  ,,,,
Legion of Honor  ,,,,
Leon Crespo  ,,,,
Leon Gespo  ,,,,
Lepanto  ,,,,
Light Brigade  ,,,,
Light of the Age  ,,,,
Limerick  ,,,,
Lindula  ,,,,
Linlithgowshire  ,,,,
Lita  ,,,,
Lizzie Iredale  ,,,,
Lizzie Tredale  ,,,,
Lobelia  ,,,,
Lobo  ,,,,
Loch Cree  ,,,,
Loch Fergus  ,,,,
Loch Urr  ,,,,
Lock Biedau  ,,,,
Lock Fleet  ,,,,
Lota  ,,,,
Louise  ,,,,
Loweswater  ,,,,
Lucinda  ,,,,
Mairi Bhan  ,,,,
Maitland  ,,,,
Mallacca  ,,,,
Mallsgate  ,,,,
Mangerton  ,,,,
Manora  ,,,,
Marathon  ,,,,
Margaret Falconer  ,,,,
Maria Mercedes  ,,,,
Maria Somes  ,,,,
Marietta  ,,,,
Marmion  ,,,,
Mars  ,,,,
Martaban  ,,,,
Martha Fisher  ,,,,
Mary Blundell  ,,,,
Mary E Ray  ,,,,
Mary Pleasants  ,,,,
Maryborough  ,,,,
Maulsden  ,,,,
Melmerby  ,,,,
Melpomene  ,,,,
Mennock  ,,,,
Merkara  ,,,,
Miltiades  ,,,,
Mirella  ,,,,
Mobile Bay  ,,,,
Moel-y-Don  ,,,,
Monkchester  ,,,,
Monsoon  ,,,,
Montmorency  ,,,,
Moravian  ,,,,
Morayshire  ,,,,
Morialta  ,,,,
Mount Lebanon  ,,,,
n/a  ,,,,
Nagpore  ,,,,
Nairnshire  ,,,,
Narrung  ,,,,
Naval Brigade  ,,,,
Naval Reserve  ,,,,
Navarino  ,,,,
Nebo  ,,,,
Nellie  ,,,,
Neried  ,,,,
Netherby/City of Melbourne  ,,,,
Nevasa  ,,,,
New Guinea  ,,,,
Newcastle  ,,,,
Nikka Maru  ,,,,
Nikko Maru  ,,,,
Nineveh  ,,,,
Norman Morison  ,,,,
Norseman  ,,,,
Northern Monarch  ,,,,
Nourmahal  ,,,,
Nowshera  ,,,,
Nuddea  ,,,,
Oakdale  ,,,,
Oban Bay  ,,,,
Ocean Empress  ,,,,
Ocean Rover  ,,,,
Oldenburg  ,,,,
Olivet  ,,,,
Omrah  ,,,,
Omrak  ,,,,
Ophelia  ,,,,
Ophir  ,,,,
Orama  ,,,,
Oratava  ,,,,
Orellana  ,,,,
Oriana  ,,,,
Orient  ,,,,
Orissa  ,,,,
Orizaba  ,,,,
Ormuz  ,,,,
Orontes  ,,,,
Orotava  ,,,,
Oroya  ,,,,
Orsova  ,,,,
Ortona  ,,,,
Oruba  ,,,,
Orvieto  ,,,,
Orvietto  ,,,,
Osseo  ,,,,
Osterley  ,,,,
Oswestry Grange  ,,,,
Otago  ,,,,
Otranto  ,,,,
Otway  ,,,,
Paparoa  ,,,,
Parkdale  ,,,,
Parknook  ,,,,
Paroo  ,,,,
Parsee  ,,,,
Pathan  ,,,,
Peebleashire  ,,,,
Peebleshire  ,,,,
Peeblesshire  ,,,,
Peep o'Day  ,,,,
Pekina  ,,,,
Pericles  ,,,,
Pern  ,,,,
Perrung  ,,,,
Persia  ,,,,
Perthshire  ,,,,
Peter Denny  ,,,,
Peter Godeffroy  ,,,,
Platypus  ,,,,
Polmaise  ,,,,
Pride of Wales  ,,,,
Primera  ,,,,
Prince Consort  ,,,,
Prince Regent Luitpold  ,,,,
Prinz Regent Luitpold  ,,,,
Prinz Waldemar  ,,,,
Proeymatia  ,,,,
Queen Mab  ,,,,
Queen of Nations  ,,,,
Queen of the Bay  ,,,,
Queen of the Colonies  ,,,,
Queen of the South  ,,,,
Quetta  ,,,,
Raglan Castle  ,,,,
Rajah Gopaul  ,,,,
Rajasthan  ,,,,
Rakaia  ,,,,
Ramsay  ,,,,
Ramsey  ,,,,
Ravenscrag  ,,,,
Rebecca Crowell  ,,,,
Refrewshire  ,,,,
Regina  ,,,,
Reichstag  ,,,,
Remington  ,,,,
Renfrewshire  ,,,,
Rhuddlan Castle  ,,,,
Rialto  ,,,,
Rimutaka  ,,,,
Rippingham Grange  ,,,,
Rising Star  ,,,,
River Indus  ,,,,
Robert Lees  ,,,,
Rockhampton  ,,,,
Rockliff  ,,,,
Rodell Bay  ,,,,
Rohilla  ,,,,
Roma  ,,,,
Romeo  ,,,,
Roscommon  ,,,,
Rothesay Bay  ,,,,
Rothsay Bay  ,,,,
Rover of the Seas  ,,,,
Roxburghshire  ,,,,
Roxburgshire  ,,,,
Royal Dane  ,,,,
Rudolph Harboe  ,,,,
Runnymede  ,,,,
Salado  ,,,,
Salamanca  ,,,,
Salamis  ,,,,
Saldanha  ,,,,
Sam Mendel  ,,,,
Samarang  ,,,,
Samoa  ,,,,
Santhia  ,,,,
Saraca  ,,,,
Sarah Scott  ,,,,
Sardhana  ,,,,
Sauta  ,,,,
Scharnhorst  ,,,,
Scotland  ,,,,
Scottish Admiral  ,,,,
Scottish Bard  ,,,,
Scottish Fairy  ,,,,
Scottish Hero  ,,,,
Scottish Knight  ,,,,
Scottish Lassie  ,,,,
Scottish Prince  ,,,,
Scottish Wizard  ,,,,
Sea Star  ,,,,
Selkirkshire  ,,,,
Sepia  ,,,,
Seydlitz  ,,,,
Shakespeare  ,,,,
Shalamar  ,,,,
Shalimar  ,,,,
Shamhorst  ,,,,
Shannon  ,,,,
Sharnhorst  ,,,,
Shenir  ,,,,
Shun Lee  ,,,,
Silhet  ,,,,
Silver Eagle  ,,,,
Silverhow  ,,,,
Sinbad  ,,,,
Singapore  ,,,,
Sir William Wallace  ,,,,
Sirocco  ,,,,
Sirsa  ,,,,
Somerset  ,,,,
Sophie  ,,,,
Sophocles  ,,,,
South Glen  ,,,,
Southern Belle  ,,,,
Southern Empire  ,,,,
Southesk  ,,,,
Spirit of the Dawn  ,,,,
Spirit of the South  ,,,,
SS Ophir  ,,,,
St Albans  ,,,,
St James  ,,,,
Stadstock  ,,,,
Star of England  ,,,,
Star of the Mersey  ,,,,
Star Queen  ,,,,
Sterlingshire  ,,,,
Stirlingshire  ,,,,
Storm King  ,,,,
Stormy Petrel  ,,,,
Stracathro  ,,,,
Strathearn  ,,,,
Stuttgart  ,,,,
Suffolk  ,,,,
Sultana  ,,,,
Sumbawa  ,,,,
Surline  ,,,,
Susanne Goddefroy  ,,,,
Susanne Godeffroy  ,,,,
Swaledale  ,,,,
T D Marshall  ,,,,
Tagliaferro  ,,,,
Tannadice  ,,,,
Tara  ,,,,
Taroba  ,,,,
Tewkesbury  ,,,,
Themistocles  ,,,,
Theresa  ,,,,
Thomas S Howe  ,,,,
Tim Whiffler  ,,,,
Timaru  ,,,,
Toowoomba  ,,,,
Torilla  ,,,,
Truro  ,,,,
Tudor  ,,,,
Ullock  ,,,,
Umballa  ,,,,
Utopia  ,,,,
Vale of Doon  ,,,,
Valparaiso  ,,,,
Venilia  ,,,,
Viduco  ,,,,
Villalta  ,,,,
Wagoola  ,,,,
Waipara  ,,,,
Wakool  ,,,,
Wansfell  ,,,,
Wardha  ,,,,
Waroonga  ,,,,
Warora  ,,,,
Warrego  ,,,,
Warren Hastings  ,,,,
Warwick  ,,,,
Wastwater  ,,,,
Weimar  ,,,,
West York  ,,,,
Western Monarch  ,,,,
Whakatane  ,,,,
Wigtonshire  ,,,,
Willehad  ,,,,
William Miles  ,,,,
Windsor Castle  ,,,,
Winefred  ,,,,
Winterthur  ,,,,
Wistow Hall  ,,,,
Wodonga  ,,,,
Woodlark  ,,,,
Woodville  ,,,,
Wyandra  ,,,,
Yarrawonga  ,,,,
Yawata Maru  ,,,,
Yawtu Maru  ,,,,
Yeoman  ,,,,
Young Australia  ,,,,
Zaida  ,,,,
Zamora  ,,,,
Zealandia  ,,,,
Zieten  ,,,,
Zoroaster  ,,,,